CardNumber,CardholderName,CVV,ExpirationDate,FK_Payment_ID
5048377983651626,Charmine Josipovitz,635,11/20,600000
5048374781644523,Jonathan Leadstone,569,02/29,600001
5048373963539774,Delila Schubert,309,07/23,600002
5108751573413943,Chris Allgood,514,12/26,600003
5048374190520009,Ralf Goldsbury,172,05/27,600004
5108756011443055,Rania Dikels,287,12/24,600005
5048376596789807,Lucian Sargeant,331,08/22,600006
5048371562947117,Joice Cluley,655,09/22,600007
5048376052616312,Ezri O'Kennedy,698,11/28,600008
5048376226398516,Merrily Southouse,846,01/24,600009
5048370914335781,Elston Mation,143,09/21,600010
5048376854888101,Antonius Costa,973,09/24,600011
5048376763284384,Morgen O'Giany,563,01/29,600012
5108756185250807,Megen Adair,360,11/27,600013
5048379815521258,Amie Grutchfield,171,01/25,600014
5108752277250839,Brandise Thomas,387,05/26,600015
5108758417273805,Arni Sowray,276,03/28,600016
5108754625227030,Nicolas Carvell,452,05/23,600017
5108757826977576,Ginger Stammirs,819,06/21,600018
5048375214711102,Zebedee Balaam,175,02/22,600019
5048378628032297,Giana Goggin,202,12/29,600020
5048370341856201,Zita Bilborough,293,01/27,600021
5108751331466605,Dorelle Lampitt,219,08/22,600022
5048378733604063,Merla Allabarton,337,09/28,600023
5048372553038189,Lindsay Habercham,917,03/22,600024
5108754043492364,Adena Devil,133,01/23,600025
5048370055467443,Shalna Abethell,752,01/22,600026
5048379504004178,Konstantine Assandri,497,05/21,600027
5108757078635682,Lisa Grimsdell,800,07/21,600028
5108750559751995,Raymund Headrick,662,05/25,600029
5048370950559526,Rayshell Rathke,374,06/28,600030
5048375405317974,Xever Godney,358,11/29,600031
5108758291623232,Gertie Syseland,102,04/21,600032
5048370113694616,Angil Shakeshaft,144,05/24,600033
5108756229438996,Earlie Towey,243,04/26,600034
5108751996067565,Timmie Philips,428,08/21,600035
5048379214983638,Osmond Ayrton,294,07/21,600036
5048376569553511,Nita Suthworth,338,05/27,600037
5048375760830769,Ashlin Shemilt,659,04/24,600038
5048374121926283,Rowe Surgison,449,01/23,600039
5108752274969357,Geoff Phoenix,247,05/24,600040
5108750411782162,Theo Gallear,391,10/23,600041
5048377130234003,Stacy McAirt,786,06/27,600042
5048379708305066,Cleve Everley,174,01/26,600043
5048375042717255,Ruthie Sharvell,839,03/21,600044
5048374207040868,Riobard Pettigrew,344,08/27,600045
5048376537592351,Uriel Hamil,191,03/27,600046
5048377692856250,Raychel Smails,449,11/22,600047
5108753079004770,Vinson Schleswig-Holstein,939,10/22,600048
5048377605982854,Geri Paske,283,08/24,600049
5108754794730467,Danna Blethin,450,09/21,600050
5108753353015674,Johnna Benninger,654,04/26,600051
5108753123305611,David Yacobsohn,675,03/21,600052
5048374053069987,Francis Ceeley,976,09/21,600053
5108755088519433,Annabel Bake,793,05/24,600054
5048370550806152,Kristina Carletti,929,09/27,600055
5108750406664557,Nissy Forrington,551,10/28,600056
5048371003616388,Tam Wank,440,02/27,600057
5048372174926762,Lila Mandell,409,04/22,600058
5048374143203067,Humfried Pauling,793,05/27,600059
5048371409103270,Noemi Moreby,303,07/26,600060
5048378917102470,Rolfe O' Bee,694,09/28,600061
5108757209407233,Nonnah Matthews,219,05/23,600062
5048379488050809,Gal Georgot,834,05/24,600063
5108756319706542,Etty Hendrichs,692,12/20,600064
5048371094193651,Niel O'Sculley,413,10/23,600065
5048377879540552,Kamilah Landman,637,05/28,600066
5048379164794753,Wood Blanchflower,402,12/28,600067
5048370343028882,Frayda Jealous,667,03/21,600068
5108750850124173,Addy Foden,921,10/24,600069
5108753422721963,Edmon Auletta,529,11/23,600070
5048379851461542,Yalonda Purselowe,354,12/20,600071
5048373256866744,Charline Edlyn,581,08/26,600072
5108758181335327,Meredithe Mabone,739,05/21,600073
5048378341020041,Rahel Wadsworth,556,03/24,600074
5048375018495944,Marlena Arran,380,06/25,600075
5108750082452798,Tansy Castilla,465,10/24,600076
5108757790749498,Devinne Velde,994,08/27,600077
5048370206287013,Martica Molineaux,125,09/28,600078
5048377675208503,Teddie Lightbowne,713,03/24,600079
5108751555105673,Katy Nolder,878,12/24,600080
5108755698043584,Ginger Worral,826,08/21,600081
5108754611618093,Cami Dugmore,146,07/26,600082
5108754662183385,Ilaire Curwood,631,02/21,600083
5108751276828744,Bentlee Elloway,739,01/22,600084
5048374999913629,Dario Pinkard,962,08/24,600085
5108759817582407,Kath Kerrigan,549,07/23,600086
5048370448746818,Courtney Roman,774,08/21,600087
5108757277590746,Eddy Waby,720,01/28,600088
5108751594749788,Kayne Dwire,965,11/27,600089
5108750799008578,Steven Virgoe,995,03/22,600090
5108751495549576,Henrie Siddle,855,11/23,600091
5048379733530274,Dniren Poplee,140,12/20,600092
5108751612285252,Agna Worham,958,08/24,600093
5108755561084384,Rudolfo De Atta,791,07/25,600094
5108753366957433,Jemie Pettett,179,07/27,600095
5108754874405642,Tobie Francescozzi,944,10/25,600096
5108758081324355,Tara Passie,505,10/21,600097
5048372508597347,Rhea Gager,283,05/25,600098
5108754549448191,Malynda O'Hear,893,04/25,600099
5048371692970872,Gray Teissier,655,11/22,600100
5048371568579567,Tracie Sprigin,905,04/24,600101
5048370183276344,Egan Brumbye,718,08/23,600102
5108754261056933,Leonanie Le Batteur,536,06/21,600103
5048371242587754,Skippie Carluccio,798,07/29,600104
5048374563866187,Ariella Djordjevic,549,08/21,600105
5108756587606754,Anita Isley,791,12/29,600106
5048375454116012,Rupert Pudan,113,04/23,600107
5048373902497829,Shana New,944,05/21,600108
5108751474933551,Abbie De Rye Barrett,631,09/23,600109
5108756924455345,Hendrik Threadkell,171,02/21,600110
5108757298105029,Carrol Krzyzowski,988,05/23,600111
5048377188022797,Aubrey Espadas,646,11/29,600112
5048376630808415,Timmie Quail,778,06/26,600113
5048372616891558,Rosemonde Vernham,938,10/28,600114
5108754142061896,Brinn Lampaert,501,10/27,600115
5048378863586478,Almira De Coursey,104,12/22,600116
5108753846018780,Zelda Gludor,844,12/23,600117
5048373760228829,Bord Wallage,515,06/21,600118
5048372669013738,Bobbye Bacher,882,07/28,600119
5048370856976287,Jo ann Dodimead,945,10/29,600120
5108759648223551,Letti Heal,485,06/29,600121
5108751723021265,Rosy Agney,193,07/24,600122
5108753925545042,Tabbitha Prosh,673,07/29,600123
5108758074862031,Carver Druhan,226,04/22,600124
5048375160611660,Consolata Tolefree,922,10/24,600125
5048373895461295,Reynold Ickovicz,548,05/29,600126
5108754293624161,Nobe Pattisson,907,03/26,600127
5108758899617065,Janeen Nutkin,968,08/28,600128
5108756369860728,Roana Angrick,133,11/29,600129
5048373121498731,Nissa Sherrocks,950,05/24,600130
5108754606262097,Ann Tomasi,556,11/22,600131
5108756351013070,Maje Trustrie,815,06/28,600132
5108753161534379,Eamon Gerrelt,871,07/29,600133
5108759093187368,Desiri Parrish,823,04/24,600134
5108754056810411,Colleen Ghest,275,12/29,600135
5048377009567186,Elizabeth Brakespear,591,10/25,600136
5048378794507981,Darbee Loyns,779,07/23,600137
5108750631887551,Celina MacCaffrey,652,09/23,600138
5048374790004081,Hatti Rosenstengel,869,03/24,600139
5048374900173131,Kirbie Thomasen,543,03/26,600140
5108754583952355,Kippy Fetherstone,632,07/24,600141
5108758393968642,Erda Charpling,767,06/28,600142
5048375557287728,Wolfie Van de Velde,423,10/29,600143
5108758953423749,Artemas Gamage,938,03/21,600144
5108759875556707,Hewitt Prangle,329,11/28,600145
5048370674505623,Hedda Crisell,704,05/26,600146
5048373757768274,Merwin Parradye,649,12/29,600147
5108752348879749,Libbi Kondratovich,904,02/26,600148
5108753011123316,Mureil Merton,530,03/23,600149
5048378816708781,Amalee Jeannesson,215,01/22,600150
5048371407897758,Jerrine Matten,214,07/24,600151
5108752468119835,Karlen Josowitz,675,05/21,600152
5048371704344827,Kennett Onge,222,04/23,600153
5048371866985193,Merill Hardman,995,03/24,600154
5048375319500723,Angelique Dulin,515,03/26,600155
5048372314762523,Constantia Wanless,963,07/24,600156
5048373450196294,Ashby Frotton,277,06/22,600157
5108755682153894,Gearard Craydon,634,09/25,600158
5048374469976841,Farrand O'Brian,169,12/25,600159
5108753589111800,Ara Rawstron,412,05/29,600160
5108755850907972,Say Treby,383,07/23,600161
5108751916127291,Glenn Febre,783,12/23,600162
5048373584142784,Booth Beavers,271,03/29,600163
5108757837589865,Tricia Hegg,893,10/23,600164
5048376013742850,Lanie Bassingham,188,11/24,600165
5048375820518180,Deana Buff,427,05/27,600166
5108756962507908,Max Gallico,216,09/21,600167
5108754990293823,Lizzie Pynn,689,05/23,600168
5048373458220575,Renate Doherty,430,05/26,600169
5108750188674204,Roch Yedall,633,02/28,600170
5048374993991555,Cookie Spurrier,213,07/29,600171
5048373638306930,Sonny Krout,534,05/26,600172
5048372904908106,Daveen Blanchflower,853,07/29,600173
5048371425542352,Murial Blasio,201,12/27,600174
5048378006144821,Bail Ossenna,717,10/25,600175
5108756575585382,Jaymee Rizzetti,585,01/23,600176
5048371758416075,Bruis Wiseman,994,04/26,600177
5048371412592485,Chickie Darcy,387,07/28,600178
5108758682007292,Ali Searsby,324,04/21,600179
5048377881172832,Melody Sturrock,602,05/28,600180
5108758273816077,Guthrie Kennealy,218,08/21,600181
5048377857919943,Alli Thaller,430,06/23,600182
5108756981426627,Rolf MacTeggart,990,02/21,600183
5048373652027701,Martynne Bollins,768,10/25,600184
5048378384631100,Leonard Nuzzetti,446,12/29,600185
5108757087053745,Mersey Hebbes,799,10/29,600186
5108757117523931,Camila Voelker,940,10/24,600187
5048371147345779,Vernen Frisch,235,11/20,600188
5108751754380168,Blake Poller,193,07/29,600189
5108756561593101,Liam Bygrove,841,02/29,600190
5048376800381904,Sheelah Hallows,674,02/27,600191
5108750454516444,Diarmid Marflitt,721,06/29,600192
5108751930129281,Marja Skipper,861,04/26,600193
5108754071721742,Marlin Nisbith,891,06/21,600194
5048377414596366,Julietta Humpherston,957,01/27,600195
5048374791910294,Olivier Carter,938,01/28,600196
5108758742566865,Julina Davley,113,11/21,600197
5108752826712644,Jarrod Barnewell,320,04/25,600198
5108752660777711,Ethelyn Gath,558,10/23,600199
