DiscountCode,FK_ProductID
VI9293-FO3266,300000
OW2523-JL3592,300001
YE7402-EE2559,300002
FQ1509-OX4227,300003
JF5629-UG7316,300004
WK2897-IM8220,300005
QP5393-HX9946,300006
DZ6866-UL5802,300007
VY7584-HU9782,300008
DR9936-YI8476,300009
TC5510-YC8469,300010
YQ2726-IL9474,300011
DQ6180-QS6530,300012
HA8311-RX5936,300013
WK6399-GF8479,300014
BW4732-PI8390,300015
IV3922-YQ9756,300016
XT9869-WG2054,300017
RA5232-HT0798,300018
GN9217-YY0965,300019
QJ3945-VA2361,300020
JK6848-DJ9450,300021
RS6164-OE5862,300022
HU3654-TX8152,300023
UD7950-UP4228,300024
OR5041-MC7512,300025
AS1567-UW1929,300026
KZ7374-YD6898,300027
WG1535-UJ9643,300028
FH7060-NN1333,300029
FS6582-KY1392,300030
YT9962-KB5682,300031
UA1736-VD1621,300032
YE0556-PF2386,300033
DJ5644-OR1074,300034
ND0289-RY4281,300035
YH5999-JB8992,300036
LB9692-SQ2398,300037
MB8055-XR3308,300038
LY5186-XR3299,300039
YX7503-CB4556,300040
JW2326-ZJ6860,300041
TD4829-GK3778,300042
RZ5763-ZS7241,300043
MX0640-NK5977,300044
YT5070-QO4013,300045
HV8763-DT9195,300046
BK7053-FH0552,300047
UN4520-EU8612,300048
ES0898-OI2684,300049
VT9452-KA5470,300050
NL2956-KG6098,300051
IK1423-UW1460,300052
GV4439-CP5726,300053
AX2302-RE0308,300054
IR2411-CW2331,300055
BR0865-VZ3947,300056
MY3050-MV3748,300057
QQ7768-CL0971,300058
TE1251-ID1591,300059
JE6297-AN9178,300060
JN9244-JP7127,300061
DI6233-HN9647,300062
ZR9340-ZL7558,300063
UK7099-RL5048,300064
AG6432-CW5274,300065
PR7042-BR1396,300066
LP7205-BF4569,300067
OU1367-FR6000,300068
BS3375-EH8204,300069
CM8009-MW5499,300070
FH0998-TK8988,300071
RP7464-UJ9780,300072
UU1347-HD6291,300073
OG7175-UX4096,300074
WW6222-IY5647,300075
QS4284-FJ3737,300076
QQ5451-LG4003,300077
BQ7739-UM9907,300078
ED1351-SP2016,300079
FO5074-XP3199,300080
AZ7699-ZS6193,300081
HD1895-CT3133,300082
AL8913-IR8724,300083
MY5726-NZ5346,300084
YJ3931-QP6043,300085
TY2271-ZC7147,300086
WY8386-MF9426,300087
VM7750-AA2414,300088
MV8590-QX8010,300089
TA5781-SW9528,300090
QK2679-IK8594,300091
JH0135-LA6331,300092
YH8517-YT2144,300093
ZI2959-BK9763,300094
ZH8521-VV5331,300095
EL6902-QB6084,300096
TI7353-FF7435,300097
DN6381-WK6578,300098
WB8596-DS6209,300099
ES3057-YF9821,300100
EU8824-ME8102,300101
YA4430-FS5465,300102
VL1241-SE5909,300103
FX4661-HD8912,300104
CQ5489-TR9712,300105
IO8328-YC2786,300106
WL2670-GO4902,300107
JR7095-KB9830,300108
DJ4514-BF5644,300109
GN3232-TD3330,300110
AT5893-AO3873,300111
ZK8631-EH2272,300112
AO0500-HP8895,300113
MC4932-UD1645,300114
OY3993-QF5347,300115
RJ4866-FH8074,300116
VO9930-IS9219,300117
JC8664-GF9808,300118
QW4088-SN1881,300119
AG6924-XA8647,300120
SQ7569-QI6825,300121
JQ3485-WI3607,300122
BV5713-OB1029,300123
IQ8555-HX1296,300124
KX9639-TN2591,300125
DQ4581-GW3835,300126
VI6870-VA1064,300127
KT0143-EZ3765,300128
WJ9860-KK7305,300129
CT6816-KU1366,300130
VA8453-JN8873,300131
ZR5336-LZ1088,300132
WM8300-KQ8896,300133
YE5398-MA5258,300134
QF4265-WP3900,300135
GM6025-ON5688,300136
BJ1625-QX0585,300137
RP0208-JY0989,300138
MX2392-ZD4606,300139
YQ7869-JX7934,300140
AY3841-SF1402,300141
CW4584-LO1593,300142
UL5977-AU2757,300143
BZ5303-ES9699,300144
IJ2213-FF9447,300145
QN3903-IS5204,300146
WI2779-XQ3770,300147
DM0993-QL2096,300148
BC6086-EI7601,300149
ZV1255-OX4511,300150
GF4564-SG6265,300151
RQ7195-AG2513,300152
HH4902-NH8305,300153
EZ8254-IF7812,300154
QZ8575-TJ9454,300155
TO4489-UD3709,300156
WA0990-YY0886,300157
NP1152-NS2567,300158
OK0515-CW3691,300159
VI3434-YE7750,300160
DK4719-IT6246,300161
QU9137-UP7511,300162
IM8287-KK1205,300163
MJ6050-ET5411,300164
MM0638-NW4490,300165
QM1472-KB2330,300166
OU8685-XB1636,300167
NE6500-BM4769,300168
AN1508-YR8286,300169
TZ6919-QH1299,300170
OC4676-QE4277,300171
JF5612-FK5019,300172
UP0362-BR8612,300173
XP5873-LV6230,300174
FG2869-HJ6910,300175
HB3887-RQ6132,300176
CD7316-EW3014,300177
PL2533-UM9836,300178
VU5985-OD3773,300179
YV3519-LY2653,300180
YQ3858-PE4969,300181
TX2575-DM1502,300182
HU5314-NX6403,300183
GQ2341-OG2791,300184
FD0574-QC8707,300185
WD9621-GE0123,300186
WY9888-BY0928,300187
DO3074-FC4236,300188
HZ2374-LV9434,300189
XC5760-HL9202,300190
LZ9125-FG1826,300191
NS4412-EB5964,300192
RY2556-LY4272,300193
ET1310-KR2964,300194
HW9013-SZ2657,300195
HY4956-SH0912,300196
MN8202-EI1430,300197
TI6326-RW7614,300198
BX1103-LG8219,300199
QA4164-LB9485,300200
BP9440-RP1189,300201
IB8923-EQ5272,300202
WF9720-JA1600,300203
VW7525-KP4140,300204
UA4626-GW1215,300205
JZ7574-KM3958,300206
AK3765-OU6142,300207
KD7902-WV9479,300208
JF1999-XW7908,300209
RM4813-ST9498,300210
UA7202-PH3062,300211
DL2943-KL0743,300212
CX4489-IU0974,300213
QH9971-DV1891,300214
AV8996-GY2414,300215
ZZ8867-CZ9774,300216
JV9703-GP2267,300217
JM9303-IQ7113,300218
YV0389-RQ7198,300219
KQ9685-HZ9573,300220
TE8874-TF3402,300221
RZ5355-CJ4013,300222
OG1562-FW7765,300223
QQ3856-CV5833,300224
XB5192-BB4741,300225
JS2069-DX4463,300226
XK9357-FY3826,300227
PQ2529-JN0494,300228
MD2159-IN4292,300229
LI7806-SJ0378,300230
AF3180-AS4113,300231
AX3691-OC3994,300232
GK1648-SV7115,300233
ON3642-FP1341,300234
DC6212-UM0170,300235
FG4768-MQ2536,300236
ZE8999-BS3462,300237
PI5953-WE7521,300238
JP8381-OS9175,300239
SK9861-KW9380,300240
NQ9440-II2796,300241
WP4104-AT3037,300242
MO7103-VM7267,300243
YT1034-MD4734,300244
RH2153-OG5622,300245
HV1941-LT0043,300246
VQ1231-RC7060,300247
KF5945-RV9940,300248
DH6784-NY4540,300249
RX5473-DB8870,300250
PB8124-JR7315,300251
DS6547-GV8281,300252
ZB6560-TU1135,300253
PK2022-WI8880,300254
TM0818-SY7320,300255
AX8576-BB1257,300256
BN1924-ZN8215,300257
AG2061-AG3489,300258
CG8572-CF6611,300259
JT6125-OE6159,300260
XL3047-YY3527,300261
TO3135-VR2490,300262
DX7744-RV9626,300263
VX4749-EA6344,300264
TC2931-MP1118,300265
CF3822-LV8088,300266
TB6979-DL5728,300267
XA8191-TC3199,300268
QB0307-WL3886,300269
BX3061-KE6338,300270
JI8241-JT2520,300271
XP7488-CZ6075,300272
GF8271-IT0542,300273
BO8441-PZ0416,300274
RA0266-OI2665,300275
ND6689-RJ2533,300276
XV5527-GQ2778,300277
SW2222-XZ9053,300278
VB9127-JD7183,300279
MR4288-DU2100,300280
NP1358-IN1553,300281
RG3414-JB4710,300282
GY7512-LF5401,300283
JR4578-XO6883,300284
MB3395-UK2648,300285
MF5209-CE1346,300286
IX7067-FB8222,300287
EG0092-FA7283,300288
ZS2506-BX7110,300289
OU8940-CO8588,300290
MK4078-NN2832,300291
TN9560-BL4428,300292
DT3631-BR2778,300293
NP0420-IW0886,300294
IZ9052-ZC8017,300295
ES2147-TS5631,300296
IU3074-MZ0088,300297
KG1097-TA5335,300298
FJ4143-QH1978,300299
WS7918-MH9913,300300
CG4114-FI0816,300301
HH1607-JZ5374,300302
KB8182-VA5922,300303
IG3023-DC8823,300304
EY5970-PD0766,300305
NR4326-KE3553,300306
GL3710-CR1785,300307
UV1202-VA1764,300308
KK1577-SX9769,300309
FJ5776-EU3396,300310
IZ7103-SM5099,300311
LB9797-FM1115,300312
OS3685-ER3091,300313
HW8676-WG2410,300314
CU7090-FX5394,300315
CG1548-IA2371,300316
XK4754-PV3824,300317
AG3271-EC3852,300318
RD6824-MK4860,300319
FB7663-QK9730,300320
AC6582-CW8968,300321
GB7261-ZL8198,300322
AW2691-UU9447,300323
LC0901-ZG6378,300324
NP0954-PT8025,300325
VE2306-XM8477,300326
GS6511-WG5853,300327
XV3599-JC6032,300328
CC5309-HJ1161,300329
KO9776-PY4071,300330
JY6320-KS4914,300331
BG3557-AQ6087,300332
BF4900-EI4097,300333
AR1912-OS2010,300334
VW8278-XW0928,300335
BL4205-TA7793,300336
KE9848-ON4921,300337
HU7973-OG9273,300338
KB5189-GS5437,300339
ZU0294-BX0259,300340
ZG7614-UF6609,300341
TX6433-QA2188,300342
WN9604-RQ0931,300343
KR0894-YY0330,300344
SI2589-RU8707,300345
BY6194-ED0468,300346
EA1512-PO0457,300347
FS4068-LS7772,300348
XS0029-HS6818,300349
QQ2598-QC7276,300350
EF3803-AY8854,300351
ZQ9233-VL2909,300352
SZ5314-CR5912,300353
ME9260-EH0278,300354
MX5702-IZ8962,300355
GA5176-RG6193,300356
QO9085-UW8558,300357
DK8345-MR2592,300358
IV3510-UL4314,300359
YP4885-TV0039,300360
LN3626-EB3132,300361
PO4268-ZV4341,300362
WG3258-DI7151,300363
CS1040-EE5128,300364
PB8837-EE5795,300365
JJ6575-BS8574,300366
RP4694-NK9939,300367
PS6297-PB8468,300368
CM9838-AH2736,300369
EV5568-YJ9458,300370
FX7162-CU3750,300371
RT0081-ZC3408,300372
PB9885-EV1194,300373
ZP4830-LR4292,300374
CH4872-DX8985,300375
DU4238-CN6134,300376
QW0869-JF3946,300377
ER1846-IP4420,300378
DL1804-FW3089,300379
UR9148-KF8968,300380
IS6651-DI9918,300381
UK0609-YE8464,300382
WP7236-KW8541,300383
HV4357-SA5647,300384
LN0628-DM6064,300385
JW7208-PH1459,300386
CY7521-CL9833,300387
BW7781-IC8961,300388
JY9206-KG7824,300389
QM0049-CW0441,300390
FL2187-LC6211,300391
LN4126-WE7318,300392
CZ7200-CS0563,300393
TZ2317-KH4775,300394
WH3074-TM2484,300395
JD8659-HO2446,300396
AL1657-CM9941,300397
OQ2201-KE9380,300398
KO5184-ER1800,300399
