FK_AccountID,PaymentID
1,600000
2,600001
3,600002
4,600003
5,600004
6,600005
7,600006
8,600007
9,600008
10,600009
11,600010
12,600011
13,600012
14,600013
15,600014
16,600015
17,600016
18,600017
19,600018
20,600019
21,600020
22,600021
23,600022
24,600023
25,600024
26,600025
27,600026
28,600027
29,600028
30,600029
31,600030
32,600031
33,600032
34,600033
35,600034
36,600035
37,600036
38,600037
39,600038
40,600039
41,600040
42,600041
43,600042
44,600043
45,600044
46,600045
47,600046
48,600047
49,600048
50,600049
51,600050
52,600051
53,600052
54,600053
55,600054
56,600055
57,600056
58,600057
59,600058
60,600059
61,600060
62,600061
63,600062
64,600063
65,600064
66,600065
67,600066
68,600067
69,600068
70,600069
71,600070
72,600071
73,600072
74,600073
75,600074
76,600075
77,600076
78,600077
79,600078
80,600079
81,600080
82,600081
83,600082
84,600083
85,600084
86,600085
87,600086
88,600087
89,600088
90,600089
91,600090
92,600091
93,600092
94,600093
95,600094
96,600095
97,600096
98,600097
99,600098
100,600099
101,600100
102,600101
103,600102
104,600103
105,600104
106,600105
107,600106
108,600107
109,600108
110,600109
111,600110
112,600111
113,600112
114,600113
115,600114
116,600115
117,600116
118,600117
119,600118
120,600119
121,600120
122,600121
123,600122
124,600123
125,600124
126,600125
127,600126
128,600127
129,600128
130,600129
131,600130
132,600131
133,600132
134,600133
135,600134
136,600135
137,600136
138,600137
139,600138
140,600139
141,600140
142,600141
143,600142
144,600143
145,600144
146,600145
147,600146
148,600147
149,600148
150,600149
151,600150
152,600151
153,600152
154,600153
155,600154
156,600155
157,600156
158,600157
159,600158
160,600159
161,600160
162,600161
163,600162
164,600163
165,600164
166,600165
167,600166
168,600167
169,600168
170,600169
171,600170
172,600171
173,600172
174,600173
175,600174
176,600175
177,600176
178,600177
179,600178
180,600179
181,600180
182,600181
183,600182
184,600183
185,600184
186,600185
187,600186
188,600187
189,600188
190,600189
191,600190
192,600191
193,600192
194,600193
195,600194
196,600195
197,600196
198,600197
199,600198
200,600199
201,633000
202,633001
203,633002
204,633003
205,633004
206,633005
207,633006
208,633007
209,633008
210,633009
211,633010
212,633011
213,633012
214,633013
215,633014
216,633015
217,633016
218,633017
219,633018
220,633019
221,633020
222,633021
223,633022
224,633023
225,633024
226,633025
227,633026
228,633027
229,633028
230,633029
231,633030
232,633031
233,633032
234,633033
235,633034
236,633035
237,633036
238,633037
239,633038
240,633039
241,633040
242,633041
243,633042
244,633043
245,633044
246,633045
247,633046
248,633047
249,633048
250,633049
251,633050
252,633051
253,633052
254,633053
255,633054
256,633055
257,633056
258,633057
259,633058
260,633059
261,633060
262,633061
263,633062
264,633063
265,633064
266,633065
267,633066
268,633067
269,633068
270,633069
271,633070
272,633071
273,633072
274,633073
275,633074
276,633075
277,633076
278,633077
279,633078
280,633079
281,633080
282,633081
283,633082
284,633083
285,633084
286,633085
287,633086
288,633087
289,633088
290,633089
291,633090
292,633091
293,633092
294,633093
295,633094
296,633095
297,633096
298,633097
299,633098
300,633099
301,633100
302,633101
303,633102
304,633103
305,633104
306,633105
307,633106
308,633107
309,633108
310,633109
311,633110
312,633111
313,633112
314,633113
315,633114
316,633115
317,633116
318,633117
319,633118
320,633119
321,633120
322,633121
323,633122
324,633123
325,633124
326,633125
327,633126
328,633127
329,633128
330,633129
331,633130
332,633131
333,633132
334,633133
335,633134
336,633135
337,633136
338,633137
339,633138
340,633139
341,633140
342,633141
343,633142
344,633143
345,633144
346,633145
347,633146
348,633147
349,633148
350,633149
351,633150
352,633151
353,633152
354,633153
355,633154
356,633155
357,633156
358,633157
359,633158
360,633159
361,633160
362,633161
363,633162
364,633163
365,633164
366,633165
367,633166
368,633167
369,633168
370,633169
371,633170
372,633171
373,633172
374,633173
375,633174
376,633175
377,633176
378,633177
379,633178
380,633179
381,633180
382,633181
383,633182
384,633183
385,633184
386,633185
387,633186
388,633187
389,633188
390,633189
391,633190
392,633191
393,633192
394,633193
395,633194
396,633195
397,633196
398,633197
399,633198
400,633199
401,666000
402,666001
403,666002
404,666003
405,666004
406,666005
407,666006
408,666007
409,666008
410,666009
411,666010
412,666011
413,666012
414,666013
415,666014
416,666015
417,666016
418,666017
419,666018
420,666019
421,666020
422,666021
423,666022
424,666023
425,666024
426,666025
427,666026
428,666027
429,666028
430,666029
431,666030
432,666031
433,666032
434,666033
435,666034
436,666035
437,666036
438,666037
439,666038
440,666039
441,666040
442,666041
443,666042
444,666043
445,666044
446,666045
447,666046
448,666047
449,666048
450,666049
451,666050
452,666051
453,666052
454,666053
455,666054
456,666055
457,666056
458,666057
459,666058
460,666059
461,666060
462,666061
463,666062
464,666063
465,666064
466,666065
467,666066
468,666067
469,666068
470,666069
471,666070
472,666071
473,666072
474,666073
475,666074
476,666075
477,666076
478,666077
479,666078
480,666079
481,666080
482,666081
483,666082
484,666083
485,666084
486,666085
487,666086
488,666087
489,666088
490,666089
491,666090
492,666091
493,666092
494,666093
495,666094
496,666095
497,666096
498,666097
499,666098
500,666099
501,666100
502,666101
503,666102
504,666103
505,666104
506,666105
507,666106
508,666107
509,666108
510,666109
511,666110
512,666111
513,666112
514,666113
515,666114
516,666115
517,666116
518,666117
519,666118
520,666119
521,666120
522,666121
523,666122
524,666123
525,666124
526,666125
527,666126
528,666127
529,666128
530,666129
531,666130
532,666131
533,666132
534,666133
535,666134
536,666135
537,666136
538,666137
539,666138
540,666139
541,666140
542,666141
543,666142
544,666143
545,666144
546,666145
547,666146
548,666147
549,666148
550,666149
551,666150
552,666151
553,666152
554,666153
555,666154
556,666155
557,666156
558,666157
559,666158
560,666159
561,666160
562,666161
563,666162
564,666163
565,666164
566,666165
567,666166
568,666167
569,666168
570,666169
571,666170
572,666171
573,666172
574,666173
575,666174
576,666175
577,666176
578,666177
579,666178
580,666179
581,666180
582,666181
583,666182
584,666183
585,666184
586,666185
587,666186
588,666187
589,666188
590,666189
591,666190
592,666191
593,666192
594,666193
595,666194
596,666195
597,666196
598,666197
599,666198
600,666199
