FK_Payment_ID,Password,Username
666000,539619713658,346688252
666001,644665813601,913223441
666002,591208657975,306527775
666003,235826363848,761616128
666004,682342225344,983853119
666005,547502981088,591455195
666006,723054194104,666087395
666007,990681809380,198120389
666008,848979591296,873755367
666009,107883404541,327143799
666010,351349153566,438426027
666011,815468065089,679160330
666012,486243150335,947082887
666013,142412805320,417144788
666014,621146035886,989467332
666015,483634644342,676334467
666016,572083078253,864580900
666017,909238469928,189941466
666018,670586677834,382274783
666019,707969307463,696607962
666020,202758901330,130464052
666021,477787611618,355779959
666022,392456967488,691470717
666023,155590711015,437795301
666024,249950426742,903940183
666025,675774921446,118949418
666026,265071851809,939845498
666027,133420659311,318646159
666028,128142907418,801387367
666029,114640251384,264766711
666030,760355917102,321182644
666031,531200455925,926725227
666032,762874439496,596428867
666033,128526578488,460146870
666034,322987063099,485227715
666035,166961308146,462003777
666036,660496335163,312003946
666037,357337827935,798683434
666038,210538231529,666088451
666039,476628474142,541353134
666040,110655586327,680453993
666041,200394246966,315085117
666042,174309137574,985256116
666043,350123745720,629922371
666044,162356049580,329006243
666045,935513183772,130139962
666046,118985682249,515465572
666047,606424961179,136613583
666048,956109037834,849736298
666049,907014879069,239949310
666050,542433376429,455906527
666051,582632062416,402569672
666052,388229064950,864235413
666053,219260490990,612149599
666054,321588328999,513396020
666055,149475248851,789227044
666056,139033958510,276601185
666057,555234808276,227850716
666058,144888327608,668729211
666059,779655257538,829187368
666060,610459291472,137183716
666061,738292862161,648027054
666062,473080782927,530243812
666063,477076134489,699601752
666064,461472826670,510778352
666065,448931387208,157709425
666066,834967613254,814453306
666067,442458413561,387036062
666068,666090016040,896477857
666069,922486550384,922182818
666070,329072918171,948540989
666071,227435565245,147735579
666072,604720908154,239393696
666073,970270056342,174132289
666074,870566476020,954679137
666075,119363564749,199945509
666076,109202629997,265066140
666077,423264822928,837780542
666078,283434432681,629079485
666079,330431558772,183682395
666080,254202082681,661301359
666081,892254782141,435990315
666082,482897629622,127735822
666083,330803998840,107419741
666084,765670777142,666858209
666085,245782258205,515163403
666086,448024835284,901576930
666087,652519517650,535298635
666088,564902314076,821831569
666089,913956596159,925027923
666090,519011883015,611717908
666091,431702964073,475490641
666092,632203955462,214429651
666093,770319273850,818230874
666094,705608545437,776074570
666095,849990022426,735831259
666096,335016348185,815462525
666097,653763482406,719117775
666098,332473433107,159508702
666099,394842872885,885636045
666100,620423806974,555681633
666101,966289973381,505165449
666102,716656667645,324519432
666103,642807153589,244071697
666104,112034636392,437090853
666105,325394519073,158104258
666106,620090055157,897522412
666107,886082945823,745902809
666108,890529890882,937937149
666109,949045262946,314758262
666110,754554285848,997283748
666111,441127189526,164872289
666112,281705209159,407548331
666113,851311766980,390455822
666114,114372078595,926310990
666115,498471260432,757479547
666116,375001023761,271298924
666117,965234441684,649594798
666118,525115057379,937654297
666119,152361082891,595257805
666120,164523077342,507328728
666121,737109818507,290129897
666122,229620081536,551976900
666123,746813837365,513224157
666124,553312148642,665668788
666125,435592388195,833779871
666126,301943121084,534736395
666127,495030455339,649850894
666128,364440794052,870910411
666129,872029582704,194102775
666130,421107240448,319494933
666131,982632244127,130897665
666132,589932187816,217308279
666133,842128097897,710005390
666134,711843325651,902527673
666135,269869786311,614326257
666136,322755265101,596615770
666137,129141146472,491566455
666138,557153703355,654290489
666139,903663236404,433603532
666140,471264608942,316268628
666141,257044193151,246100937
666142,303857393137,488906342
666143,710290015832,412030143
666144,135080064029,762394261
666145,628679691359,237208514
666146,188048290286,505332376
666147,921150010300,596645454
666148,680580576329,359659135
666149,311971304384,364251919
666150,109575301953,221944104
666151,336853848381,966640355
666152,360832610895,780921972
666153,550062221631,131540816
666154,575759492482,521363697
666155,162946583172,866973317
666156,196225582732,787021222
666157,262365909434,250365739
666158,299300140351,313524711
666159,482171454986,789827328
666160,393209777663,941113076
666161,473353710219,598818860
666162,419712771623,433547925
666163,824530978886,449505058
666164,650085972356,543620071
666165,499452013999,805481004
666166,732816559207,304083600
666167,735443619058,164360060
666168,324671963867,210156002
666169,297082856139,597966980
666170,682213344958,201733895
666171,762547009949,985007310
666172,194371662825,478896459
666173,637658435125,668677838
666174,996494565432,644025404
666175,390526509291,721745464
666176,775796963639,610354313
666177,233712065750,660621530
666178,382139372460,845902955
666179,136411506987,259836426
666180,581889812831,923447974
666181,433950178207,949034052
666182,847935844336,940067458
666183,541679196132,759701148
666184,126716712437,493097922
666185,662652310237,230192902
666186,852171251969,130821934
666187,414064747504,341374348
666188,188635442314,687078565
666189,365143198972,844539312
666190,390993076382,704081933
666191,634640857576,973197507
666192,244479853406,954897102
666193,639733179508,369812829
666194,777709606104,544078269
666195,822093594706,184988330
666196,844092037908,626081704
666197,719819907894,679893401
666198,791666903041,737079414
666199,108983995478,329599948
